-- phpMyAdmin SQL Dump
-- version 4.5.3
-- http://www.phpmyadmin.net
--
-- Host: localhost
-- Generation Time: Mar 12, 2016 at 11:34 PM
-- Server version: 5.5.44-0ubuntu0.14.04.1
-- PHP Version: 7.0.0-2+deb.sury.org~trusty+1

SET SQL_MODE = "NO_AUTO_VALUE_ON_ZERO";
SET time_zone = "+00:00";


/*!40101 SET @OLD_CHARACTER_SET_CLIENT=@@CHARACTER_SET_CLIENT */;
/*!40101 SET @OLD_CHARACTER_SET_RESULTS=@@CHARACTER_SET_RESULTS */;
/*!40101 SET @OLD_COLLATION_CONNECTION=@@COLLATION_CONNECTION */;
/*!40101 SET NAMES utf8mb4 */;

--
-- Database: `master_calendar`
--

-- --------------------------------------------------------

--
-- Table structure for table `area`
--

CREATE TABLE `area` (
  `id` int(11) NOT NULL,
  `area` varchar(50) NOT NULL,
  `title` varchar(50) DEFAULT NULL
) ENGINE=InnoDB DEFAULT CHARSET=utf8;

--
-- Dumping data for table `area`
--

INSERT INTO `area` (`id`, `area`, `title`) VALUES
(1, 'MSQN', 'Mục Sư Quản Nhiệm'),
(2, 'MSNC', 'Muc Su Nhiem Chuc'),
(3, 'MSPT', 'Muc Su Phu Ta'),
(4, 'TD', 'Truyen Dao'),
(5, 'CTVMV', 'Cong Tac Vien Muc Vu'),
(6, 'TKHT', 'Thư Ký HT'),
(7, 'HC', 'Hành Chánh'),
(8, 'VPHT', 'Van Phong Hoi Thanh'),
(9, 'OEM', 'OEM'),
(10, 'CSTV', 'Chăm Sóc & Thăm Viếng'),
(11, 'BCN', 'Ban Cau Nguyen'),
(12, 'BTNTV', 'Ban Thanh Nien TV'),
(13, 'BGD', 'Ban Gia Dinh'),
(14, 'OEMColCar', 'OEM College & Career'),
(15, 'MVGD', 'Muc Vu Giao Duc'),
(16, 'LFP', 'Living Fire\'s Parents'),
(17, 'BCS', 'Ban Cơ Sở'),
(18, 'MVTP', 'MV TP'),
(19, 'BCHHT', 'Ban Chap Hanh HT'),
(20, 'BNG', 'Ban Nam Gioi'),
(21, 'TQHT', 'Thủ Quỹ HT'),
(22, 'MVTC', 'MV TC'),
(23, 'BPN', 'Ban Phu Nu'),
(24, 'MVPV', 'MV PV'),
(25, 'MVTBPA', 'MV TBPA'),
(26, 'LF', 'Living Fire'),
(27, 'ACORN', 'A.C. ORN'),
(28, 'HM', 'HM'),
(29, 'CM', 'Children Ministry'),
(30, 'NN-TT', 'Nhóm Nhỏ Tình Thương'),
(31, 'NN-GG1', 'Nhóm Nhỏ Garden Grove I'),
(32, 'NN-GG2', 'Nhóm Nhỏ Garden Grove II'),
(33, 'NN-IrvSantaAna', 'Nhóm Nhỏ Irvine-Santa Ana'),
(34, 'NN-Riverside', 'Nhóm Nhỏ Riverside'),
(35, 'NN-LE', 'Nhóm Nhỏ Lake Elsinore'),
(36, 'NN-Bellflower', 'Nhóm Nhỏ Bellflower'),
(37, 'NN-SantaAna', 'Nhóm Nhỏ Santa Ana'),
(38, 'NN-SanGabriel', 'Nhóm Nhỏ San Gabriel'),
(39, 'MVTP-PSM', 'MV TP - Praise & Special Music'),
(40, 'MVTP-Media', 'MV TP - Media'),
(41, 'MVTP-Praise', 'MV TP - Praise'),
(42, 'MVTP-Sound', 'MV TP - Sound'),
(43, 'MVTP-Band', 'MV TP - Band'),
(44, 'MVTP-ChoirViet', 'MV TP - Choir (Viet)'),
(45, 'MVTP-Video', 'MV TP - Video Team');

-- --------------------------------------------------------

--
-- Table structure for table `contact`
--

CREATE TABLE `contact` (
  `id` int(11) NOT NULL,
  `name` varchar(100) DEFAULT NULL,
  `phone` varchar(25) DEFAULT NULL,
  `email` varchar(100) DEFAULT NULL
) ENGINE=InnoDB DEFAULT CHARSET=utf8;

--
-- Dumping data for table `contact`
--

INSERT INTO `contact` (`id`, `name`, `phone`, `email`) VALUES
(1, 'Mục Sư Thỉ', NULL, NULL),
(2, 'Ô. Hoàng Ngọc Lịch', NULL, NULL),
(3, 'Kiệt', NULL, NULL),
(4, 'MS Dũng', NULL, NULL),
(5, 'Nguyễn Tiến Dũng', NULL, NULL),
(6, 'MS Tri', NULL, NULL),
(7, 'Bình (MV TP Video Team)', NULL, NULL),
(8, 'Jefferson Ngo (Anh Nghi)', NULL, NULL),
(9, 'MS Lý', NULL, NULL),
(10, 'Helen Hoàng (Hà)', NULL, NULL),
(11, 'A Tấn', NULL, NULL),
(12, 'Ô. Lê Đức Sự', NULL, NULL),
(13, 'Kathleen Tran', NULL, NULL),
(14, 'MS An', NULL, NULL),
(15, 'Tiffany', NULL, NULL),
(16, 'Quí Phi', NULL, NULL),
(17, 'Liêm', NULL, NULL),
(18, 'A. Be', NULL, NULL),
(19, 'Lễ', NULL, NULL),
(20, 'T.Đ. Long Hồ', NULL, NULL),
(21, 'An&Kiều or Mỹ Hà', NULL, NULL),
(22, 'Lan Anh', NULL, NULL),
(23, 'TĐ Long', NULL, NULL),
(24, 'Nasar', NULL, NULL),
(25, 'A Xuân', NULL, NULL),
(26, 'Cam Tùng', NULL, NULL),
(27, 'Phong', NULL, NULL),
(28, 'Timothy Vũ', NULL, NULL),
(29, 'MS Đức', NULL, NULL),
(30, 'Tùng', NULL, NULL),
(31, 'Xuân', NULL, NULL),
(32, 'Thảo Như', NULL, NULL),
(33, 'Be', NULL, NULL),
(34, 'Tiến Dũng', NULL, NULL),
(35, 'Phương (Hà)', NULL, NULL),
(36, 'Tùng Lê', NULL, NULL);

-- --------------------------------------------------------

--
-- Table structure for table `event`
--

CREATE TABLE `event` (
  `id` int(11) NOT NULL,
  `event` varchar(255) DEFAULT NULL,
  `notes` text,
  `priority_level_id` int(11) DEFAULT '0',
  `date` int(22) DEFAULT NULL,
  `time_from` int(30) DEFAULT NULL,
  `time_to` int(30) DEFAULT NULL,
  `creation_date` timestamp NULL DEFAULT CURRENT_TIMESTAMP,
  `room_id` int(11) DEFAULT NULL,
  `contact_id` int(11) DEFAULT NULL
) ENGINE=InnoDB DEFAULT CHARSET=utf8;

--
-- Dumping data for table `event`
--

INSERT INTO `event` (`id`, `event`, `notes`, `priority_level_id`, `date`, `time_from`, `time_to`, `creation_date`, `room_id`, `contact_id`) VALUES
(1, 'Cầu Nguyện đầu năm 2016 - New Year Prayer Night', NULL, 0, 1451649600, 1451678400, 1451682000, '2016-02-24 04:23:02', 1, 1),
(2, 'Nhóm Nhỏ Riverside', NULL, 0, 1451736000, 1451763000, 1451768400, '2016-02-24 04:23:02', 2, 2),
(3, 'Cầu Nguyện sáng sớm Chúa Nhật', NULL, 0, 1451822400, 1451809800, 1451811600, '2016-02-24 04:23:02', 3, 3),
(4, 'OEM Sunday Service', NULL, 0, 1451822400, 1451811600, 1451823300, '2016-02-24 04:23:02', 4, 4),
(5, 'Lễ Thờ Phượng Chúa Nhật ', NULL, 0, 1451822400, 1451817000, 1451822400, '2016-02-24 04:23:02', 1, 1),
(6, 'Sinh Hoạt Chứng Đạo Đầu Tháng', NULL, 0, 1451822400, 1451823300, 1451833200, '2016-02-24 04:23:02', 5, 5),
(7, 'Ban Gia Đình Trẻ / Agape', NULL, 0, 1451822400, 1451836800, 1451851200, '2016-02-24 04:23:02', 6, 6),
(8, 'Video training for Editing', NULL, 0, 1451822400, 1451823300, 1451826000, '2016-02-24 04:23:02', 7, 7),
(9, 'Nhóm Nhỏ Santa Ana', NULL, 0, 1451908800, 1451937600, 1451944800, '2016-02-24 04:23:02', 8, 8),
(10, 'Nhóm Cầu Nguyện', NULL, 0, 1451995200, 1451988000, 1451991600, '2016-02-24 04:23:02', 9, 9),
(11, 'Nhóm Nhỏ San Gabriel', NULL, 0, 1451995200, 1452022200, 1452027600, '2016-02-24 04:23:02', 10, 10),
(12, 'Nhóm Nhỏ Bellflower', NULL, 0, 1452081600, 1452108600, 1452114000, '2016-02-24 04:23:02', 11, 11),
(13, 'Nhóm Nhỏ Garden Grove II', NULL, 0, 1452168000, 1452195000, 1452200400, '2016-02-24 04:23:02', 12, 12),
(14, 'Living Fire', NULL, 0, 1452254400, 1452281400, 1452294000, '2016-02-24 04:23:02', 4, 13),
(15, 'College & Career', NULL, 0, 1452254400, 1452283200, 1452290400, '2016-02-24 04:23:02', 13, 14),
(16, 'Nhóm Nhỏ Irvine-Santa Ana', NULL, 0, 1452254400, 1452284100, 1452289500, '2016-02-24 04:23:02', 14, 15),
(17, 'Ban Thanh Niên (tiếng Viêt)', NULL, 0, 1452254400, 1452277800, 1452288600, '2016-02-24 04:23:02', 3, 16),
(18, 'Ban Gia Đình ', NULL, 0, 1452254400, 1452281400, 1452290400, '2016-02-24 04:23:02', 6, 17),
(19, 'Nhóm Nhỏ Westminster', NULL, 0, 1452254400, 1452281400, 1452288600, '2016-02-24 04:23:02', 15, 18),
(20, 'Cầu Nguyện sáng sớm Chúa Nhật', NULL, 0, 1452427200, 1452414600, 1452416400, '2016-02-24 04:23:02', 3, 19),
(21, 'OEM Sunday Service', NULL, 0, 1452427200, 1452416400, 1452428100, '2016-02-24 04:23:02', 4, 4),
(22, 'Lễ Thờ Phượng Chúa Nhật', NULL, 0, 1452427200, 1452421800, 1452427200, '2016-02-24 04:23:02', 1, 1),
(23, 'MVGD Quaterly Meeting', NULL, 0, 1452427200, 1452429000, 1452436200, '2016-02-24 04:23:02', 16, 20),
(24, 'Video training for Editing', NULL, 0, 1452427200, 1452428100, 1452430800, '2016-02-24 04:23:02', 7, 7),
(25, 'Nhóm Nhỏ Garden Grove I', NULL, 0, 1452513600, 1452541500, 1452546900, '2016-02-24 04:23:02', 17, 21),
(26, 'Nhóm Nhỏ Santa Ana', NULL, 0, 1452513600, 1452542400, 1452549600, '2016-02-24 04:23:02', 8, 8),
(27, 'Nhóm Cầu Nguyện', NULL, 0, 1452600000, 1452592800, 1452596400, '2016-02-24 04:23:02', 9, 9),
(28, 'Nhóm Nhỏ San Gabriel', NULL, 0, 1452600000, 1452627000, 1452632400, '2016-02-24 04:23:02', 10, 10),
(29, 'Nhóm Nhỏ Bellflower', NULL, 0, 1452686400, 1452713400, 1452718800, '2016-02-24 04:23:02', 11, 11),
(30, 'Nhóm Nhỏ Garden Grove II', NULL, 0, 1452772800, 1452799800, 1452805200, '2016-02-24 04:23:02', 12, 12),
(31, 'Living Fire', NULL, 0, 1452859200, 1452886200, 1452898800, '2016-02-24 04:23:02', 4, 13),
(32, 'College & Career', NULL, 0, 1452859200, 1452888000, 1452895200, '2016-02-24 04:23:02', 13, 14),
(33, 'Nhóm Nhỏ Irvine-Santa Ana', NULL, 0, 1452859200, 1452888900, 1452894300, '2016-02-24 04:23:02', 14, 15),
(34, 'Ban Thanh Niên (tiếng Viêt)', NULL, 0, 1452859200, 1452882600, 1452893400, '2016-02-24 04:23:02', 3, 16),
(35, 'Living Fire\'s Parents', NULL, 0, 1452859200, 1452886200, 1452895200, '2016-02-24 04:23:02', 9, 22),
(36, 'Nhóm Nhỏ Westminster', NULL, 0, 1452859200, 1452886200, 1452893400, '2016-02-24 04:23:02', 15, 18),
(37, 'Nhóm Nhỏ Riverside', NULL, 0, 1452945600, 1452972600, 1452978000, '2016-02-24 04:23:02', 2, 2),
(38, 'Cầu Nguyện sáng sớm Chúa Nhật', NULL, 0, 1453032000, 1453019400, 1453021200, '2016-02-24 04:23:02', 3, 23),
(39, 'OEM Sunday Service', NULL, 0, 1453032000, 1453021200, 1453032900, '2016-02-24 04:23:02', 4, 4),
(40, 'Lễ Thờ Phượng Chúa Nhật', NULL, 0, 1453032000, 1453026600, 1453032000, '2016-02-24 04:23:02', 1, 1),
(41, 'Video training for Editing', NULL, 0, 1453032000, 1453032900, 1453035600, '2016-02-24 04:23:02', 7, 7),
(42, 'Ca Đoàn tập hát', NULL, 0, 1453032000, 1453033800, 1453039200, '2016-02-24 04:23:02', 1, 24),
(43, 'Ban Gia Đình Trẻ / Agape', NULL, 0, 1453032000, 1453046400, 1453060800, '2016-02-24 04:23:02', 6, 6),
(44, 'Nhóm Nhỏ Garden Grove I', NULL, 0, 1453118400, 1453146300, 1453151700, '2016-02-24 04:23:02', 17, 21),
(45, 'Nhóm Nhỏ Santa Ana', NULL, 0, 1453118400, 1453147200, 1453154400, '2016-02-24 04:23:02', 8, 8),
(46, 'Nhóm Cầu Nguyện', NULL, 0, 1453204800, 1453197600, 1453201200, '2016-02-24 04:23:02', 9, 9),
(47, 'Nhóm Nhỏ San Gabriel', NULL, 0, 1453204800, 1453231800, 1453237200, '2016-02-24 04:23:02', 10, 10),
(48, 'Nhóm Nhỏ Bellflower', NULL, 0, 1453291200, 1453318200, 1453323600, '2016-02-24 04:23:02', 11, 11),
(49, 'Nhóm Nhỏ Garden Grove II', NULL, 0, 1453377600, 1453404600, 1453410000, '2016-02-24 04:23:02', 12, 12),
(50, 'Living Fire', NULL, 0, 1453464000, 1453491000, 1453503600, '2016-02-24 04:23:02', 4, 13),
(51, 'College & Career', NULL, 0, 1453464000, 1453492800, 1453500000, '2016-02-24 04:23:02', 13, 14),
(52, 'Nhóm Nhỏ Irvine-Santa Ana', NULL, 0, 1453464000, 1453493700, 1453499100, '2016-02-24 04:23:02', 14, 15),
(53, 'Ban Gia Đình ', NULL, 0, 1453464000, 1453491000, 1453500000, '2016-02-24 04:23:02', 6, 17),
(54, 'Ban Thanh Niên (tiếng Viêt) Winter Retreat', 'Fri 22 ~ Sun 24', 0, 1453464000, 1453464000, 1453464000, '2016-02-24 04:23:02', 18, 16),
(55, 'Nhóm Nhỏ Westminster', NULL, 0, 1453464000, 1453491000, 1453498200, '2016-02-24 04:23:02', 15, 18),
(56, 'Orange Church\'s Pastoral Staff & Church Leadership Annual Meeting', NULL, 0, 1453550400, 1453539600, 1453566600, '2016-02-24 04:23:02', 19, 25),
(57, 'Cầu Nguyện sáng sớm Chúa Nhật', NULL, 0, 1453636800, 1453624200, 1453626000, '2016-02-24 04:23:02', 3, 9),
(58, 'OEM Sunday Service', NULL, 0, 1453636800, 1453626000, 1453637700, '2016-02-24 04:23:02', 4, 4),
(59, 'Lễ Thờ Phượng Chúa Nhật', NULL, 0, 1453636800, 1453631400, 1453636800, '2016-02-24 04:23:02', 1, 1),
(60, 'Video training for Editing', NULL, 0, 1453636800, 1453637700, 1453640400, '2016-02-24 04:23:02', 7, 7),
(61, 'MV TBPA ăn trưa thông công', NULL, 0, 1453636800, 1453636800, 1453644000, '2016-02-24 04:23:02', 3, 26),
(62, 'Nhóm Nhỏ Garden Grove I', NULL, 0, 1453723200, 1453751100, 1453756500, '2016-02-24 04:23:02', 17, 21),
(63, 'Nhóm Nhỏ Santa Ana', NULL, 0, 1453723200, 1453752000, 1453759200, '2016-02-24 04:23:02', 8, 8),
(64, 'Nhóm Cầu Nguyện', NULL, 0, 1453809600, 1453802400, 1453806000, '2016-02-24 04:23:02', 9, 9),
(65, 'Nhóm Nhỏ San Gabriel', NULL, 0, 1453809600, 1453836600, 1453842000, '2016-02-24 04:23:02', 10, 10),
(66, 'Nhóm Nhỏ Bellflower', NULL, 0, 1453896000, 1453923000, 1453928400, '2016-02-24 04:23:02', 11, 11),
(67, 'Nhóm Nhỏ Garden Grove II', NULL, 0, 1453982400, 1454009400, 1454014800, '2016-02-24 04:23:02', 12, 12),
(68, 'Living Fire', NULL, 0, 1454068800, 1454095800, 1454108400, '2016-02-24 04:23:02', 4, 13),
(69, 'College & Career', NULL, 0, 1454068800, 1454097600, 1454104800, '2016-02-24 04:23:02', 13, 14),
(70, 'Nhóm Nhỏ Irvine-Santa Ana', NULL, 0, 1454068800, 1454098500, 1454103900, '2016-02-24 04:23:02', 14, 15),
(71, 'Ban Thanh Niên (tiếng Viêt)', NULL, 0, 1454068800, 1454092200, 1454103000, '2016-02-24 04:23:02', 3, 16),
(72, 'Nhóm Nhỏ Westminster', NULL, 0, 1454068800, 1454095800, 1454103000, '2016-02-24 04:23:02', 15, 18),
(73, 'Lễ Thượng Thọ Mrs. Dương Hội', NULL, 0, 1454155200, 1454148000, 1454162400, '2016-02-24 04:23:02', 20, 1),
(74, 'Cầu Nguyện sáng sớm Chúa Nhật', NULL, 0, 1454241600, 1454229000, 1454230800, '2016-02-24 04:23:02', 3, 27),
(75, 'OEM Sunday Service', NULL, 0, 1454241600, 1454230800, 1454242500, '2016-02-24 04:23:02', 4, 4),
(76, 'Lễ Thờ Phượng Chúa Nhật', NULL, 0, 1454241600, 1454236200, 1454241600, '2016-02-24 04:23:02', 1, 1),
(77, '(Postponed) All Church Family Planting day', NULL, 0, 1454241600, 1454243400, 1454256000, '2016-02-24 04:23:02', 21, 28),
(78, 'Video training for Editing', NULL, 0, 1454241600, 1454242500, 1454245200, '2016-02-24 04:23:02', 7, 7),
(79, 'Nhóm Nhỏ Garden Grove I', NULL, 0, 1454328000, 1454355900, 1454361300, '2016-02-24 04:23:02', 17, 21),
(80, 'Nhóm Nhỏ Santa Ana', NULL, 0, 1454328000, 1454356800, 1454364000, '2016-02-24 04:23:02', 8, 8),
(81, 'Nhóm Cầu Nguyện', NULL, 0, 1454414400, 1454407200, 1454410800, '2016-02-24 04:23:02', 9, 9),
(82, 'Nhóm Nhỏ San Gabriel', NULL, 0, 1454414400, 1454441400, 1454446800, '2016-02-24 04:23:02', 10, 10),
(83, 'Nhóm Nhỏ Bellflower', NULL, 0, 1454500800, 1454527800, 1454533200, '2016-02-24 04:23:02', 11, 11),
(84, 'Nhóm Nhỏ Garden Grove II', NULL, 0, 1454587200, 1454614200, 1454619600, '2016-02-24 04:23:02', 12, 12),
(85, 'MVTP small group', NULL, 0, 1454673600, 1454702400, 1454707800, '2016-02-24 04:23:02', 9, 24),
(86, 'Living Fire', NULL, 0, 1454673600, 1454700600, 1454713200, '2016-02-24 04:23:02', 4, 13),
(87, 'College & Career', NULL, 0, 1454673600, 1454702400, 1454709600, '2016-02-24 04:23:02', 22, 14),
(88, 'Nhóm Nhỏ Irvine-Santa Ana', NULL, 0, 1454673600, 1454703300, 1454708700, '2016-02-24 04:23:02', 14, 15),
(89, 'Ban Thanh Niên (tiếng Viêt)', NULL, 0, 1454673600, 1454697000, 1454707800, '2016-02-24 04:23:02', 3, 16),
(90, 'Nhóm Nhỏ Westminster', NULL, 0, 1454673600, 1454700600, 1454707800, '2016-02-24 04:23:02', 15, 18),
(91, 'Nhóm Nhỏ Riverside', NULL, 0, 1454760000, 1454787000, 1454792400, '2016-02-24 04:23:02', 2, 2),
(92, 'Cầu Nguyện sáng sớm Chúa Nhật', NULL, 0, 1454846400, 1454833800, 1454835600, '2016-02-24 04:23:02', 3, 29),
(93, 'OEM Sunday Service', NULL, 0, 1454846400, 1454835600, 1454847300, '2016-02-24 04:23:02', 4, 4),
(94, 'Lễ Thờ Phượng Chúa Nhật - Hội Thánh mừng Tết - Lunar New Year', NULL, 0, 1454846400, 1454841000, 1454846400, '2016-02-24 04:23:02', 1, 1),
(95, 'Sinh Hoạt Chứng Đạo Đầu Tháng', NULL, 0, 1454846400, 1454847300, 1454857200, '2016-02-24 04:23:02', 5, 5),
(96, 'Ban Gia Đình Trẻ / Agape', NULL, 0, 1454846400, 1454860800, 1454875200, '2016-02-24 04:23:02', 6, 6),
(97, 'Nhóm Nhỏ Garden Grove I', NULL, 0, 1454932800, 1454960700, 1454966100, '2016-02-24 04:23:02', 17, 21),
(98, 'Mùng 1 Tết Nguyên Đán', '', 0, 1454932800, 1454932800, 1454932800, '2016-02-24 04:23:02', NULL, NULL),
(99, 'Nhóm Cầu Nguyện', NULL, 0, 1455019200, 1455012000, 1455015600, '2016-02-24 04:23:02', 9, 9),
(100, 'Nhóm Nhỏ San Gabriel', NULL, 0, 1455019200, 1455046200, 1455051600, '2016-02-24 04:23:02', 10, 10),
(101, 'Ash Wednesday', '', 0, 1455105600, 1455105600, 1455105600, '2016-02-24 04:23:02', NULL, NULL),
(102, 'Nhóm Nhỏ Bellflower', NULL, 0, 1455105600, 1455132600, 1455138000, '2016-02-24 04:23:02', 11, 11),
(103, 'Nhóm Nhỏ Garden Grove II', NULL, 0, 1455192000, 1455219000, 1455224400, '2016-02-24 04:23:02', 12, 12),
(104, 'Living Fire', NULL, 0, 1455278400, 1455305400, 1455318000, '2016-02-24 04:23:02', 4, 13),
(105, 'College & Career', NULL, 0, 1455278400, 1455307200, 1455314400, '2016-02-24 04:23:02', 22, 14),
(106, 'Nhóm Nhỏ Irvine-Santa Ana', NULL, 0, 1455278400, 1455308100, 1455313500, '2016-02-24 04:23:02', 14, 15),
(107, 'Ban Thanh Niên (tiếng Viêt)', NULL, 0, 1455278400, 1455301800, 1455312600, '2016-02-24 04:23:02', 3, 16),
(108, 'Ban Gia Đình ', NULL, 0, 1455278400, 1455305400, 1455314400, '2016-02-24 04:23:02', 6, 17),
(109, 'Nhóm Nhỏ Westminster', NULL, 0, 1455278400, 1455305400, 1455312600, '2016-02-24 04:23:02', 15, 18),
(110, 'Cầu Nguyện sáng sớm Chúa Nhật', NULL, 0, 1455451200, 1455438600, 1455440400, '2016-02-24 04:23:02', 3, 30),
(111, 'OEM Sunday Service', NULL, 0, 1455451200, 1455440400, 1455452100, '2016-02-24 04:23:02', 4, 4),
(112, 'Lễ Thờ Phượng Chúa Nhật', NULL, 0, 1455451200, 1455445800, 1455451200, '2016-02-24 04:23:02', 1, 1),
(113, 'Video training for Editing', NULL, 0, 1455451200, 1455452100, 1455454800, '2016-02-24 04:23:02', 7, 7),
(114, 'Ca Đoàn tập hát', NULL, 0, 1455451200, 1455453000, 1455458400, '2016-02-24 04:23:02', 23, 24),
(115, 'Nhóm Nhỏ Tình Thương', NULL, 0, 1455451200, 1455462000, 1455469200, '2016-02-24 04:23:02', 24, 30),
(116, 'Nhóm Nhỏ Garden Grove I', NULL, 0, 1455537600, 1455565500, 1455570900, '2016-02-24 04:23:02', 17, 21),
(117, 'Nhóm Nhỏ Santa Ana', NULL, 0, 1455537600, 1455566400, 1455573600, '2016-02-24 04:23:02', 8, 8),
(118, 'Nhóm Cầu Nguyện', NULL, 0, 1455624000, 1455616800, 1455620400, '2016-02-24 04:23:02', 9, 9),
(119, 'Nhóm Nhỏ San Gabriel', NULL, 0, 1455624000, 1455651000, 1455656400, '2016-02-24 04:23:02', 10, 10),
(120, 'Nhóm Nhỏ Bellflower', NULL, 0, 1455710400, 1455737400, 1455742800, '2016-02-24 04:23:02', 11, 11),
(121, 'Nhóm Nhỏ Garden Grove II', NULL, 0, 1455796800, 1455823800, 1455829200, '2016-02-24 04:23:02', 12, 12),
(122, 'Living Fire', NULL, 0, 1455883200, 1455910200, 1455922800, '2016-02-24 04:23:02', 4, 13),
(123, 'College & Career', NULL, 0, 1455883200, 1455912000, 1455919200, '2016-02-24 04:23:02', 22, 14),
(124, 'Nhóm Nhỏ Irvine-Santa Ana', NULL, 0, 1455883200, 1455912900, 1455918300, '2016-02-24 04:23:02', 14, 15),
(125, 'Ban Thanh Niên (tiếng Viêt)', NULL, 0, 1455883200, 1455906600, 1455917400, '2016-02-24 04:23:02', 3, 16),
(126, 'Living Fire\'s Parents', NULL, 0, 1455883200, 1455910200, 1455919200, '2016-02-24 04:23:02', 9, 22),
(127, 'Nhóm Nhỏ Westminster', NULL, 0, 1455883200, 1455910200, 1455917400, '2016-02-24 04:23:02', 15, 18),
(128, 'Nhóm Nhỏ Riverside', NULL, 0, 1455969600, 1455996600, 1456002000, '2016-02-24 04:23:02', 2, 2),
(129, 'Cầu Nguyện sáng sớm Chúa Nhật', NULL, 0, 1456056000, 1456043400, 1456045200, '2016-02-24 04:23:02', 3, 31),
(130, 'OEM Sunday Service', NULL, 0, 1456056000, 1456045200, 1456056900, '2016-02-24 04:23:02', 4, 4),
(131, 'Lễ Thờ Phượng Chúa Nhật - Hội Đồng Thường Niên', NULL, 0, 1456056000, 1456050600, 1456056000, '2016-02-24 04:23:02', 1, 1),
(132, 'Bữa ăn thông công của MVTP (& Ca Đoàn tập hát ?)', NULL, 0, 1456056000, 1456057800, 1456063200, '2016-02-24 04:23:02', 25, 3),
(133, 'Ban Gia Đình Trẻ / Agape', NULL, 0, 1456056000, 1456070400, 1456084800, '2016-02-24 04:23:02', 6, 6),
(134, 'Video training for Editing', NULL, 0, 1456056000, 1456056900, 1456059600, '2016-02-24 04:23:02', 7, 7),
(135, 'Nhóm Nhỏ Garden Grove I', NULL, 0, 1456142400, 1456170300, 1456175700, '2016-02-24 04:23:02', 17, 21),
(136, 'Nhóm Nhỏ Santa Ana', NULL, 0, 1456142400, 1456171200, 1456178400, '2016-02-24 04:23:02', 8, 8),
(137, 'Nhóm Cầu Nguyện', NULL, 0, 1456228800, 1456221600, 1456225200, '2016-02-24 04:23:02', 9, 9),
(138, 'Nhóm Nhỏ San Gabriel', NULL, 0, 1456228800, 1456255800, 1456261200, '2016-02-24 04:23:02', 10, 10),
(139, 'Nhóm Nhỏ Bellflower', NULL, 0, 1456315200, 1456342200, 1456347600, '2016-02-24 04:23:02', 11, 11),
(140, 'Nhóm Nhỏ Garden Grove II', NULL, 0, 1456401600, 1456428600, 1456434000, '2016-02-24 04:23:02', 12, 12),
(141, 'Living Fire', NULL, 0, 1456488000, 1456515000, 1456527600, '2016-02-24 04:23:02', 4, 13),
(142, 'College & Career', NULL, 0, 1456488000, 1456516800, 1456524000, '2016-02-24 04:23:02', 22, 14),
(143, 'Nhóm Nhỏ Irvine-Santa Ana', NULL, 0, 1456488000, 1456517700, 1456523100, '2016-02-24 04:23:02', 14, 15),
(144, 'Ban Thanh Niên (tiếng Viêt)', NULL, 0, 1456488000, 1456511400, 1456522200, '2016-02-24 04:23:02', 3, 16),
(145, 'Ban Gia Đình ', NULL, 0, 1456488000, 1456515000, 1456524000, '2016-02-24 04:23:02', 6, 17),
(146, 'Nhóm Nhỏ Westminster', NULL, 0, 1456488000, 1456515000, 1456522200, '2016-02-24 04:23:02', 15, 18),
(147, 'Ban Gia Đình Trẻ Agape - Winter Retreat', 'Friday 25 ~ Sunday 28', 0, 1456488000, 1456488000, 1456488000, '2016-02-24 04:23:02', 26, 32),
(148, 'Cầu Nguyện sáng sớm Chúa Nhật', NULL, 0, 1456660800, 1456648200, 1456650000, '2016-02-24 04:23:02', 3, 33),
(149, 'OEM Sunday Service', NULL, 0, 1456660800, 1456650000, 1456661700, '2016-02-24 04:23:02', 4, 4),
(150, 'Lễ Thờ Phượng Chúa Nhật', NULL, 0, 1456660800, 1456655400, 1456660800, '2016-02-24 04:23:02', 1, 1),
(151, 'Video training for Editing', NULL, 0, 1456660800, 1456661700, 1456664400, '2016-02-24 04:23:02', 7, 7),
(152, 'Ca Đoàn tập hát ?', NULL, 0, 1456660800, 1456662600, 1456668000, '2016-02-24 04:23:02', 23, 24),
(153, 'Nhóm Nhỏ Garden Grove I', NULL, 0, 1456747200, 1456775100, 1456780500, '2016-02-24 04:23:02', 17, 21),
(154, 'Nhóm Nhỏ Santa Ana', NULL, 0, 1456747200, 1456776000, 1456783200, '2016-02-24 04:23:02', 8, 8),
(155, 'Nhóm Cầu Nguyện', NULL, 0, 1456833600, 1456826400, 1456830000, '2016-02-24 04:23:02', 9, 9),
(156, 'MVTP small group', NULL, 0, 1457092800, 1457078400, 1457127000, '2016-02-24 04:23:02', 9, 24),
(157, 'Ban Thanh Niên (tiếng Viêt)', NULL, 0, 1457092800, 1457116200, 1457127000, '2016-02-24 04:23:02', 3, 16),
(158, 'College & Career', NULL, 0, 1457092800, 1457121600, 1457128800, '2016-02-24 04:23:02', 22, 14),
(159, 'Living Fire', NULL, 0, 1457092800, 1457119800, 1457132400, '2016-02-24 04:23:02', 4, 13),
(160, 'Nhóm Nhỏ San Gabriel', NULL, 0, 1456833600, 1456860600, 1456866000, '2016-02-24 04:23:02', 10, 10),
(161, 'Nhóm Nhỏ Bellflower', NULL, 0, 1456920000, 1456947000, 1456952400, '2016-02-24 04:23:02', 11, 11),
(162, 'Nhóm Nhỏ Garden Grove II', NULL, 0, 1457006400, 1457033400, 1457038800, '2016-02-24 04:23:02', 12, 12),
(163, 'Nhóm Nhỏ Irvine-Santa Ana', NULL, 0, 1457092800, 1457122500, 1457127900, '2016-02-24 04:23:02', 14, 15),
(164, 'Nhóm Nhỏ Westminster', NULL, 0, 1457092800, 1457119800, 1457127000, '2016-02-24 04:23:02', 15, 18),
(165, 'Nhóm Nhỏ Riverside', NULL, 0, 1457179200, 1457206200, 1457211600, '2016-02-24 04:23:02', 2, 2),
(166, 'Cầu Nguyện sáng sớm Chúa Nhật', NULL, 0, 1457265600, 1457253000, 1457254800, '2016-02-24 04:23:02', 3, 34),
(167, 'OEM Sunday Service', NULL, 0, 1457265600, 1457254800, 1457266500, '2016-02-24 04:23:02', 4, 4),
(168, 'Lễ Thờ Phượng Chúa Nhật', NULL, 0, 1457265600, 1457260200, 1457265600, '2016-02-24 04:23:02', 1, 1),
(169, 'OEM\'s Prayer Meeting', NULL, 0, 1457265600, 1457267400, 1457271000, '2016-02-24 04:23:02', 4, 4),
(170, 'Sinh Hoạt Chứng Đạo Đầu Tháng', NULL, 0, 1457265600, 1457266500, 1457276400, '2016-02-24 04:23:02', 5, 5),
(171, 'Ban Gia Đình Trẻ / Agape', NULL, 0, 1457265600, 1457236800, 1457294400, '2016-02-24 04:23:02', 6, 6),
(172, 'Nhóm Cầu Nguyện', NULL, 0, 1457438400, 1457431200, 1457434800, '2016-02-24 04:23:02', 9, 9),
(173, 'Ban Thanh Niên (tiếng Viêt)', NULL, 0, 1457697600, 1457721000, 1457731800, '2016-02-24 04:23:02', 3, 16),
(174, 'Ban Gia Đình ', NULL, 0, 1457697600, 1457681400, 1457733600, '2016-02-24 04:23:02', 6, 17),
(175, 'College & Career', NULL, 0, 1457697600, 1457726400, 1457733600, '2016-02-24 04:23:02', 22, 14),
(176, 'Living Fire', NULL, 0, 1457697600, 1457724600, 1457737200, '2016-02-24 04:23:02', 4, 13),
(177, 'Nhóm Nhỏ Garden Grove I', NULL, 0, 1457352000, 1457379900, 1457385300, '2016-02-24 04:23:02', 17, 21),
(178, 'Nhóm Nhỏ Santa Ana', NULL, 0, 1457352000, 1457380800, 1457388000, '2016-02-24 04:23:02', 8, 8),
(179, 'Nhóm Nhỏ San Gabriel', NULL, 0, 1457438400, 1457465400, 1457470800, '2016-02-24 04:23:02', 10, 10),
(180, 'Nhóm Nhỏ Bellflower', NULL, 0, 1457524800, 1457551800, 1457557200, '2016-02-24 04:23:02', 11, 11),
(181, 'Nhóm Nhỏ Garden Grove II', NULL, 0, 1457611200, 1457638200, 1457643600, '2016-02-24 04:23:02', 12, 12),
(182, 'Nhóm Nhỏ Irvine-Santa Ana', NULL, 0, 1457697600, 1457727300, 1457732700, '2016-02-24 04:23:02', 14, 15),
(183, 'Nhóm Nhỏ Westminster', NULL, 0, 1457697600, 1457724600, 1457731800, '2016-02-24 04:23:02', 15, 18),
(184, 'Daylight Saving Time begins - Đổi Giờ', '', 0, 1457870400, 1457870400, 1457870400, '2016-02-24 04:23:02', NULL, NULL),
(185, 'Cầu Nguyện sáng sớm Chúa Nhật', NULL, 0, 1457870400, 1457857800, 1457859600, '2016-02-24 04:23:02', 3, 4),
(186, 'OEM Sunday Service', NULL, 0, 1457870400, 1457859600, 1457871300, '2016-02-24 04:23:02', 4, 4),
(187, 'Lễ Thờ Phượng Chúa Nhật', NULL, 0, 1457870400, 1457865000, 1457870400, '2016-02-24 04:23:02', 1, 1),
(188, 'Nhóm Cầu Nguyện', NULL, 0, 1458043200, 1458036000, 1458039600, '2016-02-24 04:23:02', 9, 9),
(189, 'Ban Thanh Niên (tiếng Viêt)', NULL, 0, 1458302400, 1458325800, 1458336600, '2016-02-24 04:23:02', 3, 16),
(190, 'Living Fire\'s Parents', NULL, 0, 1458302400, 1458286200, 1458338400, '2016-02-24 04:23:02', 9, 22),
(191, 'College & Career', NULL, 0, 1458302400, 1458331200, 1458338400, '2016-02-24 04:23:02', 22, 14),
(192, 'Living Fire', NULL, 0, 1458302400, 1458329400, 1458342000, '2016-02-24 04:23:02', 4, 13),
(193, 'Nhóm Nhỏ Tình Thương', NULL, 0, 1458475200, 1458486000, 1458493200, '2016-02-24 04:23:02', 24, 30),
(194, 'Nhóm Nhỏ Garden Grove I', NULL, 0, 1457956800, 1457984700, 1457990100, '2016-02-24 04:23:02', 17, 21),
(195, 'Nhóm Nhỏ Santa Ana', NULL, 0, 1457956800, 1457985600, 1457992800, '2016-02-24 04:23:02', 8, 8),
(196, 'Nhóm Nhỏ San Gabriel', NULL, 0, 1458043200, 1458070200, 1458075600, '2016-02-24 04:23:02', 10, 10),
(197, 'Nhóm Nhỏ Bellflower', NULL, 0, 1458129600, 1458156600, 1458162000, '2016-02-24 04:23:02', 11, 11),
(198, 'Nhóm Nhỏ Garden Grove II', NULL, 0, 1458216000, 1458243000, 1458248400, '2016-02-24 04:23:02', 12, 12),
(199, 'Nhóm Nhỏ Irvine-Santa Ana', NULL, 0, 1458302400, 1458332100, 1458337500, '2016-02-24 04:23:02', 14, 15),
(200, 'Nhóm Nhỏ Westminster', NULL, 0, 1458302400, 1458329400, 1458336600, '2016-02-24 04:23:02', 15, 18),
(201, 'Nhóm Nhỏ Riverside', NULL, 0, 1458388800, 1458415800, 1458421200, '2016-02-24 04:23:02', 2, 2),
(202, 'Cầu Nguyện sáng sớm Chúa Nhật', NULL, 0, 1458475200, 1458462600, 1458464400, '2016-02-24 04:23:02', 3, 29),
(203, 'OEM Sunday Service', NULL, 0, 1458475200, 1458464400, 1458476100, '2016-02-24 04:23:02', 4, 4),
(204, 'Lễ Thờ Phượng Chúa Nhật - Lễ Lá / Palm Sunday', NULL, 0, 1458475200, 1458469800, 1458475200, '2016-02-24 04:23:02', 1, 1),
(205, 'Ban Gia Đình Trẻ / Agape', NULL, 0, 1458475200, 1458446400, 1458504000, '2016-02-24 04:23:02', 6, 6),
(206, 'Nhóm Cầu Nguyện', NULL, 0, 1458648000, 1458640800, 1458644400, '2016-02-24 04:23:02', 9, 9),
(207, 'Nhóm Nhỏ Garden Grove I', NULL, 0, 1458561600, 1458589500, 1458594900, '2016-02-24 04:23:02', 17, 21),
(208, 'Nhóm Nhỏ Santa Ana', NULL, 0, 1458561600, 1458590400, 1458597600, '2016-02-24 04:23:02', 8, 8),
(209, 'Nhóm Nhỏ San Gabriel', NULL, 0, 1458648000, 1458675000, 1458680400, '2016-02-24 04:23:02', 10, 10),
(210, 'Nhóm Nhỏ Bellflower', NULL, 0, 1458734400, 1458761400, 1458766800, '2016-02-24 04:23:02', 11, 11),
(211, 'Nhóm Nhỏ Garden Grove II', NULL, 0, 1458820800, 1458847800, 1458853200, '2016-02-24 04:23:02', 12, 12),
(212, 'Truyền Giảng Đêm Thương Khó - Good Friday', NULL, 0, 1458907200, 1458892800, 1458941400, '2016-02-24 04:23:02', 1, 1),
(213, 'OEM - Good Friday Service', NULL, 0, 1458907200, 1458885600, 1458943200, '2016-02-24 04:23:02', 4, 4),
(214, 'Lễ Phục Sinh - Easter Sunday - Sunrise Joint Service ', NULL, 0, 1459080000, 1459058400, 1459063800, '2016-02-24 04:23:02', 1, 1),
(215, 'Church Picnic (after service) ', NULL, 0, 1459080000, 1459063800, 1459094400, '2016-02-24 04:23:02', 27, 29),
(216, 'Nhóm Nhỏ Santa Ana', NULL, 0, 1459166400, 1459195200, 1459202400, '2016-02-24 04:23:02', 8, 8),
(217, 'Nhóm Cầu Nguyện', NULL, 0, 1459252800, 1459245600, 1459249200, '2016-02-24 04:23:02', 9, 9),
(218, 'Nhóm Nhỏ San Gabriel', NULL, 0, 1459252800, 1459279800, 1459285200, '2016-02-24 04:23:02', 10, 10),
(219, 'Nhóm Nhỏ Bellflower', NULL, 0, 1459339200, 1459366200, 1459371600, '2016-02-24 04:23:02', 11, 11),
(220, 'Nhóm Nhỏ Garden Grove II', NULL, 0, 1459425600, 1459452600, 1459458000, '2016-02-24 04:23:02', 12, 12),
(221, 'Nhóm Nhỏ Riverside', NULL, 0, 1459598400, 1459625400, 1459630800, '2016-02-24 04:23:02', 2, 2),
(222, 'OEM Sunday Service', NULL, 0, 1459684800, 1459674000, 1459685700, '2016-02-24 04:23:02', 4, 4),
(223, 'Lễ Thờ Phượng Chúa Nhật', NULL, 0, 1459684800, 1459679400, 1459684800, '2016-02-24 04:23:02', 1, 1),
(224, 'OEM\'s Prayer Meeting', NULL, 0, 1459684800, 1459686600, 1459690200, '2016-02-24 04:23:02', 4, 4),
(225, 'OEM Sunday Service', NULL, 0, 1460289600, 1460278800, 1460290500, '2016-02-24 04:23:02', 4, 4),
(226, 'Lễ Thờ Phượng Chúa Nhật', NULL, 0, 1460289600, 1460284200, 1460289600, '2016-02-24 04:23:02', 1, 1),
(227, 'Ministry Fair', NULL, 0, 1460289600, 1460289600, 1460292300, '2016-02-24 04:23:02', 28, 29),
(228, 'MVGD Quaterly Meeting', NULL, 0, 1460289600, 1460291400, 1460298600, '2016-02-24 04:23:02', 16, 20),
(229, 'Ca Đoàn tập hát', NULL, 0, 1460289600, 1460291400, 1460296800, '2016-02-24 04:23:02', 23, 24),
(230, 'Nhóm Nhỏ Tình Thương', NULL, 0, 1460894400, 1460905200, 1460912400, '2016-02-24 04:23:02', 24, 30),
(231, 'Nhóm Nhỏ Riverside', NULL, 0, 1460808000, 1460835000, 1460840400, '2016-02-24 04:23:02', 2, 2),
(232, 'OEM Sunday Service', NULL, 0, 1460894400, 1460883600, 1460895300, '2016-02-24 04:23:02', 4, 4),
(233, 'Lễ Thờ Phượng Chúa Nhật', NULL, 0, 1460894400, 1460889000, 1460894400, '2016-02-24 04:23:02', 1, 1),
(234, 'OEM Sunday Service', NULL, 0, 1461499200, 1461488400, 1461500100, '2016-02-24 04:23:02', 4, 4),
(235, 'Lễ Thờ Phượng Chúa Nhật', NULL, 0, 1461499200, 1461493800, 1461499200, '2016-02-24 04:23:02', 1, 1),
(236, 'Ca Đoàn tập hát', NULL, 0, 1461499200, 1461501000, 1461506400, '2016-02-24 04:23:02', 23, 24),
(237, 'OEM Sunday Service', NULL, 0, 1462104000, 1462093200, 1462104900, '2016-02-24 04:23:02', 4, 4),
(238, 'Lễ Thờ Phượng Chúa Nhật', NULL, 0, 1462104000, 1462098600, 1462104000, '2016-02-24 04:23:02', 1, 1),
(239, 'OEM\'s Prayer Meeting', NULL, 0, 1462104000, 1462105800, 1462109400, '2016-02-24 04:23:02', 4, 4),
(240, 'Nhóm Nhỏ Riverside', NULL, 0, 1462622400, 1462649400, 1462654800, '2016-02-24 04:23:02', 2, 2),
(241, 'OEM Sunday Service', NULL, 0, 1462708800, 1462698000, 1462709700, '2016-02-24 04:23:02', 4, 4),
(242, 'Lễ Thờ Phượng Chúa Nhật - Mother\'s Day', NULL, 0, 1462708800, 1462703400, 1462708800, '2016-02-24 04:23:02', 1, 1),
(243, 'Nhóm Nhỏ Tình Thương', NULL, 0, 1463313600, 1463324400, 1463331600, '2016-02-24 04:23:02', 24, 30),
(244, 'OEM Sunday Service', NULL, 0, 1463313600, 1463302800, 1463314500, '2016-02-24 04:23:02', 4, 4),
(245, 'Thờ Phượng Chúa Nhật - Lễ Ngũ Tuần', NULL, 0, 1463313600, 1463308200, 1463313600, '2016-02-24 04:23:02', 1, 1),
(246, 'Ca Đoàn tập hát', NULL, 0, 1463313600, 1463315400, 1463320800, '2016-02-24 04:23:02', 23, 24),
(247, 'Nhóm Nhỏ Riverside', NULL, 0, 1463832000, 1463859000, 1463864400, '2016-02-24 04:23:02', 2, 2),
(248, 'OEM Sunday Service', NULL, 0, 1463918400, 1463907600, 1463919300, '2016-02-24 04:23:02', 4, 4),
(249, 'Lễ Thờ Phượng Chúa Nhật', NULL, 0, 1463918400, 1463913000, 1463918400, '2016-02-24 04:23:02', 1, 1),
(250, 'OEM Sunday Service', NULL, 0, 1464523200, 1464512400, 1464524100, '2016-02-24 04:23:02', 4, 4),
(251, 'Lễ Thờ Phượng Chúa Nhật', NULL, 0, 1464523200, 1464517800, 1464523200, '2016-02-24 04:23:02', 1, 1),
(252, 'Ca Đoàn tập hát', NULL, 0, 1464523200, 1464525000, 1464530400, '2016-02-24 04:23:02', 23, 24),
(253, 'Christian Music Award 2016 \' Ca Khúc Muôn Đời \' - Hướng Đi TV', NULL, 0, 1465041600, 1465020000, 1465077600, '2016-02-24 04:23:02', 1, 25),
(254, 'Nhóm Nhỏ Riverside', NULL, 0, 1465041600, 1465068600, 1465074000, '2016-02-24 04:23:02', 2, 2),
(255, 'OEM Sunday Service', NULL, 0, 1465128000, 1465117200, 1465128900, '2016-02-24 04:23:02', 4, 4),
(256, 'Lễ Thờ Phượng Chúa Nhật', NULL, 0, 1465128000, 1465122600, 1465128000, '2016-02-24 04:23:02', 1, 1),
(257, 'OEM\'s Prayer Meeting', NULL, 0, 1465128000, 1465129800, 1465133400, '2016-02-24 04:23:02', 4, 4),
(258, 'OEM Sunday Service', NULL, 0, 1465732800, 1465722000, 1465733700, '2016-02-24 04:23:02', 4, 4),
(259, 'Lễ Thờ Phượng Chúa Nhật', NULL, 0, 1465732800, 1465727400, 1465732800, '2016-02-24 04:23:02', 1, 1),
(260, 'Ca Đoàn tập hát ?', NULL, 0, 1465732800, 1465734600, 1465740000, '2016-02-24 04:23:02', 23, 24),
(261, 'Nhóm Nhỏ Tình Thương', NULL, 0, 1466337600, 1466348400, 1466355600, '2016-02-24 04:23:02', 24, 30),
(262, 'Nhóm Nhỏ Riverside', NULL, 0, 1466251200, 1466278200, 1466283600, '2016-02-24 04:23:02', 2, 2),
(263, 'OEM Sunday Service', NULL, 0, 1466337600, 1466326800, 1466338500, '2016-02-24 04:23:02', 4, 4),
(264, 'Lễ Thờ Phượng Chúa Nhật - Father\'s Day', NULL, 0, 1466337600, 1466332200, 1466337600, '2016-02-24 04:23:02', 1, 1),
(265, 'Ban Gia Đình đi Trại', NULL, 0, 1466769600, 0, 0, '2016-02-24 04:23:02', 29, 35),
(266, 'OEM Sunday Service', NULL, 0, 1466942400, 1466931600, 1466943300, '2016-02-24 04:23:02', 4, 4),
(267, 'Lễ Thờ Phượng Chúa Nhật', NULL, 0, 1466942400, 1466937000, 1466942400, '2016-02-24 04:23:02', 1, 1),
(268, 'Hội Đồng Giáo Hạt - District Conference', '', 0, 1467374400, 1467374400, 1467374400, '2016-02-24 04:23:02', NULL, NULL),
(269, 'Hội Đồng Giáo Hạt - District Conference', '', 0, 1467460800, 1467460800, 1467460800, '2016-02-24 04:23:02', NULL, NULL),
(270, 'Hội Đồng Giáo Hạt - District Conference', '', 0, 1467547200, 1467547200, 1467547200, '2016-02-24 04:23:02', NULL, NULL),
(271, 'Hội Đồng Giáo Hạt - District Conference', '', 0, 1467633600, 1467633600, 1467633600, '2016-02-24 04:23:02', NULL, NULL),
(272, 'Hội Đồng Giáo Hạt - District Conference', '', 0, 1467720000, 1467720000, 1467720000, '2016-02-24 04:23:02', NULL, NULL),
(273, 'OEM Sunday Service', NULL, 0, 1468152000, 1468141200, 1468152900, '2016-02-24 04:23:02', 4, 4),
(274, 'Lễ Thờ Phượng Chúa Nhật', NULL, 0, 1468152000, 1468146600, 1468152000, '2016-02-24 04:23:02', 1, 1),
(275, 'OEM\'s Prayer Meeting', NULL, 0, 1468152000, 1468153800, 1468157400, '2016-02-24 04:23:02', 4, 4),
(276, 'MVGD Quaterly Meeting', NULL, 0, 1468152000, 1468153800, 1468161000, '2016-02-24 04:23:02', 16, 20),
(277, 'Nhóm Nhỏ Tình Thương', NULL, 0, 1468756800, 1468767600, 1468774800, '2016-02-24 04:23:02', 24, 30),
(278, 'Nhóm Nhỏ Riverside', NULL, 0, 1468670400, 1468697400, 1468702800, '2016-02-24 04:23:02', 2, 2),
(279, 'OEM Sunday Service', NULL, 0, 1468756800, 1468746000, 1468757700, '2016-02-24 04:23:02', 4, 4),
(280, 'Lễ Thờ Phượng Chúa Nhật', NULL, 0, 1468756800, 1468751400, 1468756800, '2016-02-24 04:23:02', 1, 1),
(281, 'OEM Sunday Service', NULL, 0, 1469361600, 1469350800, 1469362500, '2016-02-24 04:23:02', 4, 4),
(282, 'Lễ Thờ Phượng Chúa Nhật', NULL, 0, 1469361600, 1469356200, 1469361600, '2016-02-24 04:23:02', 1, 1),
(283, 'Nhóm Nhỏ Riverside', NULL, 0, 1469880000, 1469907000, 1469912400, '2016-02-24 04:23:02', 2, 2),
(284, 'OEM Sunday Service', NULL, 0, 1469966400, 1469955600, 1469967300, '2016-02-24 04:23:02', 4, 4),
(285, 'Lễ Thờ Phượng Chúa Nhật', NULL, 0, 1469966400, 1469961000, 1469966400, '2016-02-24 04:23:02', 1, 1),
(286, 'OEM Sunday Service', NULL, 0, 1470571200, 1470560400, 1470572100, '2016-02-24 04:23:02', 4, 4),
(287, 'Lễ Thờ Phượng Chúa Nhật', NULL, 0, 1470571200, 1470565800, 1470571200, '2016-02-24 04:23:02', 1, 1),
(288, 'OEM\'s Prayer Meeting', NULL, 0, 1470571200, 1470573000, 1470576600, '2016-02-24 04:23:02', 4, 4),
(289, 'Nhóm Nhỏ Riverside', NULL, 0, 1471089600, 1471116600, 1471122000, '2016-02-24 04:23:02', 2, 2),
(290, 'OEM Sunday Service', NULL, 0, 1471176000, 1471165200, 1471176900, '2016-02-24 04:23:02', 4, 4),
(291, 'Lễ Thờ Phượng Chúa Nhật', NULL, 0, 1471176000, 1471170600, 1471176000, '2016-02-24 04:23:02', 1, 1),
(292, 'Nhóm Nhỏ Tình Thương', NULL, 0, 1471176000, 1471186800, 1471194000, '2016-02-24 04:23:02', 24, 30),
(293, 'OEM Sunday Service', NULL, 0, 1471780800, 1471770000, 1471781700, '2016-02-24 04:23:02', 4, 4),
(294, 'Lễ Thờ Phượng Chúa Nhật', NULL, 0, 1471780800, 1471775400, 1471780800, '2016-02-24 04:23:02', 1, 1),
(295, 'Nhóm Nhỏ Riverside', NULL, 0, 1472299200, 1472326200, 1472331600, '2016-02-24 04:23:02', 2, 2),
(296, 'OEM Sunday Service', NULL, 0, 1472385600, 1472374800, 1472386500, '2016-02-24 04:23:02', 4, 4),
(297, 'Lễ Thờ Phượng Chúa Nhật', NULL, 0, 1472385600, 1472380200, 1472385600, '2016-02-24 04:23:02', 1, 1),
(298, 'Ca Đoàn tập hát', NULL, 0, 1472385600, 1472387400, 1472392800, '2016-02-24 04:23:02', 23, 24),
(299, 'OEM Sunday Service', NULL, 0, 1472990400, 1472979600, 1472991300, '2016-02-24 04:23:02', 4, 4),
(300, 'Lễ Thờ Phượng Chúa Nhật', NULL, 0, 1472990400, 1472985000, 1472990400, '2016-02-24 04:23:02', 1, 1),
(301, 'OEM\'s Prayer Meeting', NULL, 0, 1472990400, 1472992200, 1472995800, '2016-02-24 04:23:02', 4, 4),
(302, 'OEM Sunday Service', NULL, 0, 1473595200, 1473584400, 1473596100, '2016-02-24 04:23:02', 4, 4),
(303, 'Lễ Thờ Phượng Chúa Nhật', NULL, 0, 1473595200, 1473589800, 1473595200, '2016-02-24 04:23:02', 1, 1),
(304, 'Ca Đoàn tập hát', NULL, 0, 1473595200, 1473597000, 1473602400, '2016-02-24 04:23:02', 23, 24),
(305, 'Nhóm Nhỏ Tình Thương', NULL, 0, 1474200000, 1474210800, 1474218000, '2016-02-24 04:23:02', 24, 30),
(306, 'OEM Sunday Service', NULL, 0, 1474200000, 1474189200, 1474200900, '2016-02-24 04:23:02', 4, 4),
(307, 'Lễ Thờ Phượng Chúa Nhật', NULL, 0, 1474200000, 1474194600, 1474200000, '2016-02-24 04:23:02', 1, 1),
(308, 'Ministry Fair', NULL, 0, 1474200000, 1474200000, 1474202700, '2016-02-24 04:23:02', 28, 29),
(309, 'OEM Sunday Service', NULL, 0, 1474804800, 1474794000, 1474805700, '2016-02-24 04:23:02', 4, 4),
(310, 'Lễ Thờ Phượng Chúa Nhật', NULL, 0, 1474804800, 1474799400, 1474804800, '2016-02-24 04:23:02', 1, 1),
(311, 'Ca Đoàn tập hát', NULL, 0, 1474804800, 1474806600, 1474812000, '2016-02-24 04:23:02', 23, 24),
(312, 'OEM Sunday Service', NULL, 0, 1475409600, 1475398800, 1475410500, '2016-02-24 04:23:02', 4, 4),
(313, 'Lễ Thờ Phượng Chúa Nhật', NULL, 0, 1475409600, 1475404200, 1475409600, '2016-02-24 04:23:02', 1, 1),
(314, 'OEM\'s Prayer Meeting', NULL, 0, 1475409600, 1475411400, 1475415000, '2016-02-24 04:23:02', 4, 4),
(315, 'OEM Sunday Service', NULL, 0, 1476014400, 1476003600, 1476015300, '2016-02-24 04:23:02', 4, 4),
(316, 'Lễ Thờ Phượng Chúa Nhật', NULL, 0, 1476014400, 1476009000, 1476014400, '2016-02-24 04:23:02', 1, 1),
(317, 'MVGD Quaterly Meeting', NULL, 0, 1476014400, 1476016200, 1476023400, '2016-02-24 04:23:02', 16, 20),
(318, 'Ca Đoàn tập hát', NULL, 0, 1476014400, 1476016200, 1476021600, '2016-02-24 04:23:02', 23, 24),
(319, 'Nhóm Nhỏ Tình Thương', NULL, 0, 1476619200, 1476630000, 1476637200, '2016-02-24 04:23:02', 24, 30),
(320, 'OEM Sunday Service', NULL, 0, 1476619200, 1476608400, 1476620100, '2016-02-24 04:23:02', 4, 4),
(321, 'Lễ Thờ Phượng Chúa Nhật', NULL, 0, 1476619200, 1476613800, 1476619200, '2016-02-24 04:23:02', 1, 1),
(322, 'OEM Sunday Service', NULL, 0, 1477224000, 1477213200, 1477224900, '2016-02-24 04:23:02', 4, 4),
(323, 'Lễ Thờ Phượng Chúa Nhật', NULL, 0, 1477224000, 1477218600, 1477224000, '2016-02-24 04:23:02', 1, 1),
(324, 'Ca Đoàn tập hát ?', NULL, 0, 1477224000, 1477225800, 1477231200, '2016-02-24 04:23:02', 23, 24),
(325, 'OEM Sunday Service', NULL, 0, 1477828800, 1477818000, 1477829700, '2016-02-24 04:23:02', 4, 4),
(326, 'Lễ Thờ Phượng Chúa Nhật', NULL, 0, 1477828800, 1477823400, 1477828800, '2016-02-24 04:23:02', 1, 1),
(327, 'Ca Đoàn tập hát ?', NULL, 0, 1477828800, 1477830600, 1477836000, '2016-02-24 04:23:02', 23, 24),
(328, 'Daylight Saving Time ends - Đổi Giờ', '', 0, 1478433600, 1478433600, 1478433600, '2016-02-24 04:23:02', NULL, NULL),
(329, 'OEM Sunday Service', NULL, 0, 1478433600, 1478422800, 1478434500, '2016-02-24 04:23:02', 4, 4),
(330, 'Lễ Thờ Phượng Chúa Nhật', NULL, 0, 1478433600, 1478428200, 1478433600, '2016-02-24 04:23:02', 1, 1),
(331, 'OEM\'s Prayer Meeting', NULL, 0, 1478433600, 1478435400, 1478439000, '2016-02-24 04:23:02', 4, 4),
(332, 'Wedding Reservation', NULL, 0, 1478952000, 1478937600, 1478962800, '2016-02-24 04:23:02', 1, 36),
(333, 'OEM Sunday Service', NULL, 0, 1479038400, 1479027600, 1479039300, '2016-02-24 04:23:02', 4, 4),
(334, 'Lễ Thờ Phượng Chúa Nhật - Ngày Trường Chúa Nhật và Bầu Cử Ban Chấp Hành H.T. (nhiệm kỳ 2017-2018)', NULL, 0, 1479038400, 1479033000, 1479038400, '2016-02-24 04:23:02', 1, 1),
(335, 'Nhóm Nhỏ Tình Thương', NULL, 0, 1479643200, 1479654000, 1479661200, '2016-02-24 04:23:02', 24, 30),
(336, 'OEM Sunday Service', NULL, 0, 1479643200, 1479632400, 1479644100, '2016-02-24 04:23:02', 4, 4),
(337, 'Lễ Thờ Phượng Chúa Nhật - Thanksgiving Sunday', NULL, 0, 1479643200, 1479637800, 1479643200, '2016-02-24 04:23:02', 1, 1),
(338, 'Truyền Giảng Tạ Ơn - Thanksgiving', NULL, 0, 1480075200, 1480060800, 1480109400, '2016-02-24 04:23:02', 1, 1),
(339, 'OEM Thanksgiving Service', NULL, 0, 1480161600, 1480176000, 1480197600, '2016-02-24 04:23:02', 4, 4),
(340, 'OEM Sunday Service', NULL, 0, 1480248000, 1480237200, 1480248900, '2016-02-24 04:23:02', 4, 4),
(341, 'Lễ Thờ Phượng Chúa Nhật', NULL, 0, 1480248000, 1480242600, 1480248000, '2016-02-24 04:23:02', 1, 1),
(342, 'OEM Sunday Service', NULL, 0, 1480852800, 1480842000, 1480853700, '2016-02-24 04:23:02', 4, 4),
(343, 'Lễ Thờ Phượng Chúa Nhật', NULL, 0, 1480852800, 1480847400, 1480852800, '2016-02-24 04:23:02', 1, 1),
(344, 'OEM\'s Prayer Meeting', NULL, 0, 1480852800, 1480854600, 1480858200, '2016-02-24 04:23:02', 4, 4),
(345, 'OEM Sunday Service', NULL, 0, 1481457600, 1481446800, 1481458500, '2016-02-24 04:23:02', 4, 4),
(346, 'Lễ Thờ Phượng Chúa Nhật', NULL, 0, 1481457600, 1481452200, 1481457600, '2016-02-24 04:23:02', 1, 1),
(347, 'Nhóm Nhỏ Tình Thương', NULL, 0, 1482062400, 1482073200, 1482080400, '2016-02-24 04:23:02', 24, 30),
(348, 'OEM Sunday Service', NULL, 0, 1482062400, 1482051600, 1482063300, '2016-02-24 04:23:02', 4, 4),
(349, 'Lễ Thờ Phượng Chúa Nhật', NULL, 0, 1482062400, 1482057000, 1482062400, '2016-02-24 04:23:02', 1, 1),
(350, 'Truyền Giảng Giáng Sinh - Christmas Eve', NULL, 0, 1482580800, 1482566400, 1482615000, '2016-02-24 04:23:02', 1, 1),
(351, 'OEM Christmas Eve\'s Service Service', NULL, 0, 1482580800, 1482598800, 1482616800, '2016-02-24 04:23:02', 4, 4),
(352, 'Lễ Thờ Phượng Chúa Nhật - Joint Service H.T. mừng Giáng Sinh', NULL, 0, 1482667200, 1482661800, 1482667200, '2016-02-24 04:23:02', 1, 1),
(353, 'Lễ Thờ Phượng Chúa Nhật - Đầu năm 2017', NULL, 0, 1451822400, 1451808000, 1451854800, '2016-02-24 04:23:02', 1, 1);

-- --------------------------------------------------------

--
-- Table structure for table `leader`
--

CREATE TABLE `leader` (
  `id` int(11) NOT NULL,
  `firstname` varchar(50) DEFAULT NULL,
  `lastname` varchar(50) DEFAULT NULL,
  `phone` varchar(20) DEFAULT NULL,
  `email` varchar(100) DEFAULT NULL,
  `password` varchar(20) DEFAULT NULL,
  `area` varchar(250) DEFAULT NULL
) ENGINE=InnoDB DEFAULT CHARSET=utf8;

-- --------------------------------------------------------

--
-- Table structure for table `priority_level`
--

CREATE TABLE `priority_level` (
  `id` int(11) NOT NULL,
  `priority` varchar(100) DEFAULT NULL,
  `order` int(5) DEFAULT NULL
) ENGINE=InnoDB DEFAULT CHARSET=utf8;

-- --------------------------------------------------------

--
-- Table structure for table `reservation`
--

CREATE TABLE `reservation` (
  `id` int(11) NOT NULL,
  `firstname` varchar(100) DEFAULT NULL,
  `lastname` varchar(100) DEFAULT NULL,
  `email` varchar(100) DEFAULT NULL,
  `phone` varchar(20) DEFAULT NULL,
  `event` varchar(255) DEFAULT NULL,
  `time_from` varchar(22) DEFAULT NULL,
  `time_to` varchar(22) DEFAULT NULL,
  `room` varchar(100) DEFAULT NULL,
  `contact` varchar(100) DEFAULT NULL,
  `notes` varchar(255) DEFAULT NULL,
  `creation_date` timestamp NULL DEFAULT CURRENT_TIMESTAMP
) ENGINE=InnoDB DEFAULT CHARSET=utf8;

-- --------------------------------------------------------

--
-- Table structure for table `room`
--

CREATE TABLE `room` (
  `id` int(11) NOT NULL,
  `room` varchar(100) DEFAULT NULL,
  `order` int(5) NOT NULL DEFAULT '1'
) ENGINE=InnoDB DEFAULT CHARSET=utf8;

--
-- Dumping data for table `room`
--

INSERT INTO `room` (`id`, `room`, `order`) VALUES
(1, 'Sanctuary', 1),
(2, 'Bình&Mai\'s residence', 1),
(3, 'Room 11', 1),
(4, 'Chapel', 1),
(5, 'Room 13', 1),
(6, 'Room1', 1),
(7, 'Room 2', 1),
(8, 'A Nghi\'s residence', 1),
(9, 'Room 1', 1),
(10, 'Luân phiên Nhà của thành viên', 1),
(11, 'A/C Tấn\'s residence', 1),
(12, 'O/B Hải\'s residence', 1),
(13, 'Room 3', 1),
(14, 'Phương&Tiffany\'s residence', 1),
(15, 'A. Dũng / C. Tùng\'s residence', 1),
(16, 'Conference room', 1),
(17, 'An&Kiều or Mỹ Hà\'s residence', 1),
(18, 'Offsite - Big Bear', 1),
(19, 'Offsite - Parkhurst / Fullerton', 1),
(20, 'Chapel & Kitchen', 1),
(21, 'Open space & Parking area', 1),
(22, 'Room 6', 1),
(23, 'Room 1 & Sanctuary', 1),
(24, 'Tùng & Loan\'s residence', 1),
(25, 'Chapel & Kitchen (& Sanctuary)', 1),
(26, 'Offsite - Lake Arrowhead', 1),
(27, 'Church\'s Facility', 1),
(28, 'Patio Area', 1),
(29, 'Offsite', 1);

--
-- Indexes for dumped tables
--

--
-- Indexes for table `area`
--
ALTER TABLE `area`
  ADD PRIMARY KEY (`id`);

--
-- Indexes for table `contact`
--
ALTER TABLE `contact`
  ADD PRIMARY KEY (`id`);

--
-- Indexes for table `event`
--
ALTER TABLE `event`
  ADD PRIMARY KEY (`id`);

--
-- Indexes for table `leader`
--
ALTER TABLE `leader`
  ADD PRIMARY KEY (`id`);

--
-- Indexes for table `priority_level`
--
ALTER TABLE `priority_level`
  ADD PRIMARY KEY (`id`);

--
-- Indexes for table `reservation`
--
ALTER TABLE `reservation`
  ADD PRIMARY KEY (`id`);

--
-- Indexes for table `room`
--
ALTER TABLE `room`
  ADD PRIMARY KEY (`id`);

--
-- AUTO_INCREMENT for dumped tables
--

--
-- AUTO_INCREMENT for table `area`
--
ALTER TABLE `area`
  MODIFY `id` int(11) NOT NULL AUTO_INCREMENT, AUTO_INCREMENT=46;
--
-- AUTO_INCREMENT for table `contact`
--
ALTER TABLE `contact`
  MODIFY `id` int(11) NOT NULL AUTO_INCREMENT, AUTO_INCREMENT=37;
--
-- AUTO_INCREMENT for table `event`
--
ALTER TABLE `event`
  MODIFY `id` int(11) NOT NULL AUTO_INCREMENT, AUTO_INCREMENT=354;
--
-- AUTO_INCREMENT for table `leader`
--
ALTER TABLE `leader`
  MODIFY `id` int(11) NOT NULL AUTO_INCREMENT;
--
-- AUTO_INCREMENT for table `priority_level`
--
ALTER TABLE `priority_level`
  MODIFY `id` int(11) NOT NULL AUTO_INCREMENT;
--
-- AUTO_INCREMENT for table `reservation`
--
ALTER TABLE `reservation`
  MODIFY `id` int(11) NOT NULL AUTO_INCREMENT;
--
-- AUTO_INCREMENT for table `room`
--
ALTER TABLE `room`
  MODIFY `id` int(11) NOT NULL AUTO_INCREMENT, AUTO_INCREMENT=30;
/*!40101 SET CHARACTER_SET_CLIENT=@OLD_CHARACTER_SET_CLIENT */;
/*!40101 SET CHARACTER_SET_RESULTS=@OLD_CHARACTER_SET_RESULTS */;
/*!40101 SET COLLATION_CONNECTION=@OLD_COLLATION_CONNECTION */;
